S,Feedback,Sentiment
700,"Also, the phone doesn't seem to accept anything except CBR mp3s, preferably ripped by Windows Media Player.",0
214,fast service.,1
521,Thanks again to Amazon for having the things I need for a good price!,1
233,Great sound and service.,1
80,I wear it everyday and it holds up very well.,1
937,The headset fulfills my requirements so I am happy with my purchase.,1
634,"Not only did the software do a great job of this, I could also make my own ringtones form my existing CDs without an internet connection.",1
667,"Looks good in the picture, but this case was a huge disappointment!!",0
964,It's pretty easy.,1
424,Also the area where my unit broke).- I'm not too fond of the magnetic strap.,0
774,"Excellent sound, battery life and inconspicuous to boot!.",1
174,The file browser offers all the options that one needs.Handsfree is great.,1
732,T-Mobile has the best customer service anywhere.,1
466,No buyers remorse on this one!.,0
439,"If you don't find it, too bad, as again the unit comes with one earpad only.I would not recommend this to anyone.",0
417,This is the first phone I've had that has been so cheaply made.,0
37,Poor Talk Time Performance.,0
65,The one big drawback of the MP3 player is that the buttons on the phone's front cover that let you pause and skip songs lock out after a few seconds.,0
902,The cutouts and buttons are placed perfectly.,1
385,The worst piece of crap ever along with the Verizon customer service.,0
274,Avoid this one if you can.,0
26,I've owned this phone for 7 months now and can say that it's the best mobile phone I've had.,1
399,Still Waiting...... I'm sure this item would work well.. if I ever recieve it!,0
434,But it does get better reception and clarity than any phone I've had before.,1
877,Excellent!.,1
800,"Good , works fine.",1
523,I had to go to a store and bought a new NOKIA phone which is working great.,1
188,Waste of 13 bucks.,0
591,Linked to my phone without effort.,1
372,Battery life is also great!,1
93,The ear buds only play music in one ear.,0
802,"Great price, too!",1
486,Its not user friendly.,0
361,"Also, if your phone is dropped, this case is not going to save it, specially when dropped face down.",0
546,Worst software ever used.... If I could give this zero stars I would.,0
59,The buttons for on and off are bad.,0
340,Excellent sound quality.,1
137,My headset works just peachy-keen.,1
541,I've missed numerous calls because of this reason.,0
119,)Setup couldn't have been simpler.,1
90,"For a product that costs as much as this one does, I expect it to work far better and with greater ease than this thing does.",0
875,This is by far the worst purchase I've made on Amazon.,0
730,This product is great... it makes working a lot easier I can go to the copier while waiting on hold for something.,1
96,If you plan to use this in a car forget about it.,0
337,Very disappointing.,0
968,This company charge me a restocking fee and still not given me my refund back.,0
377,This is a VERY average phone with bad battery life that operates on a weak network.,0
826,Not as good as I had hoped.,0
576,The battery life is highly unacceptable.,0
626,Don't make the same mistake that I did and please don't buy this phone.,0
229,I ordered this for sony Ericsson W810i but I think it only worked once (thats when I first used it).,0
702,"* Comes with a strong light that you can use to light up your camera shots, and even flash SOS signals (seriously!",1
616,Poor product.,0
64,You have to hold the phone at a particular angle for the other party to hear you clearly.,0
949,I had to purchase a different case.,0
342,A PIECE OF JUNK THAT BROKE AFTER BEING ON MY PHONE FOR 2 DAYS!!!,0
692,"I have to use the smallest earpieces provided, but it stays on pretty well.",1
196,You'll love how thin it is.,1
468,I find this inexcusable and so will probably be returning this phone and perhaps changing carriers.,0
476,"Uncomfortable In the Ear, Don't use with LG VX9900 (EnV).",0
514,"very good product, well made.",1
929,As I said above....PRETTY USELESS!,0
761,They have been around for years and carries the highest quality of anti-glare screen protector that I have found to date.,1
698,"Because both ears are occupied, background is not distracting at all.",1
391,The picture resolution is far below what other comparably-priced phones are offering today.,0
310,"This is a good battery, and it got here really fast.",1
770,AFter the first charge kept going dead after 12 minutes.,0
341,Was not happy.,0
477,The volume switch rocketed out of the unit to a destination unknown.,0
559,"None of it works, just don't buy it.",0
494,Pretty piece of junk.,0
438,I used to talk on it for 1 - 1 1/2 hours and the battery would be literally drained and dying.,0
350,Were JERKS on the phone.,0
870,Works fine.,1
805,Does Not Work.,0
956,Just reading on the specs alone makes you say WOW.,1
103,The price was very good and with the free shipping and all it was a good purchase.,1
358,The phone gets EXTREMELY HOT!,0
480,The keyboard is really worthwhile in usefulness and is sturdy enough I don't expect any problems.,1
77,This is a great little item.,1
661,I'm happy about this purchase- good quality and low price.,1
304,Everything worked on the first try.The device was certainly engineered in a clever way and the construction feels good.,1
183,"I have this phone and it is a thorn in my side, I really abhor it.",0
963,"I use this product in a motor control center where there is a lot of high voltage humming from the equipment, and it works great!",1
981,you could only take 2 videos at a time and the quality was very poor.,0
227,I'm a bit disappointed.,0
775,Great bluetooth!.,1
605,This is infuriating.,0
663,Its well-designed and very sharp -- the blue is a very nice color.,1
362,"It is light, easy to use, and has very clear reception and transmission.",1
517,"I received my orders well within the shipping timeframe, everything was in good working order and overall, I am very excited to have this source.",1
893,Bad Reception.,0
432,Low Quality.,0
972,Earbud piece breaks easily.,0
580,"It works great with a car charger, especially if you cannot plug in two adapters at the same time.",1
669,Setup went very smoothly.,1
837,I don't like this Nokia either.,0
325,"good item, low price.",1
453,I even fully charged it before I went to bed and turned off blue tooth and wi-fi and noticed that it only had 20 % left in the morning.,0
112,its a little geeky but i think thats its sex on toast and it rocks and oozes sex right down to its battery embedded sleek stylish leather case.,1
865,Would recommend this item.,1
935,"However, after about a year, the fliptop started to get loose and wobbly and eventually my screen went black and I couldn't receive and place calls.",0
782,Treo and T-Mobile refused to replace it again and forced me to buy another phone without any kind of upgrade discount.,0
91,Made very sturdy.,1
767,"I really wanted the Plantronics 510 to be the right one, but it has too many issues for me.The good",0
538,The eargels channel the sound directly into your ear and seem to increase the sound volume and clarity.,1
867,"Nice case, feels good in your hands.",1
346,Reception is terrible and full of static.,0
223,"All in all, I'd expected a better consumer experience from Motorola.",0
681,camera color balance is AWFUL.,0
2,Great for the jawbone.,1
138,In my house I was getting dropped coverage upstairs and no coverage in my basement.,0
647,Great phone.,1
193,I have had problems wit hit dropping signal and more.,0
213,"The range is very decent, I've been able to roam around my house with the phone in the living room with no reception/sound quality issues.",1
398,"Sounds good reasonably priced and effective, Its that simple !",1
298,Customer service was terrible.,0
671,"A must study for anyone interested in the ""worst sins"" of industrial design.",0
532,Unfortunately it's easy to accidentally activate them with the gentle-touch buttons if you accidentally touch the phone to your face while listening.,0
572,Worst ever.,0
835,"The calls drop, the phone comes on and off at will, the screen goes black and the worst of all it stops ringing intermittently.",0
428,IT'S REALLY EASY.,1
984,Adapter does not provide enough charging current.,0
130,It is so small and you don't even realize that it is there after a while of getting used to it.,1
549,"I own a Jabra Earset and was very happy with it, but the sound quality, especially outgoing, on this is better.",1
293,DO NOT PURCHASE THIS PHONE.,0
666,Nice Sound.,1
668,Much less than the jawbone I was going to replace it with.,1
38,The case is great and works fine with the 680.,1
989,The text messaging feature is really tricky to use.,0
829,Really good product.,1
283,I am very impressed with this headset from Plantronics.,1
175,Superb Phone on a Great Network.,1
4,The mic is great.,1
975,It is the best charger I have seen on the market yet.,1
883,WARNING - DO NOT BUY!!.,0
677,Truly awful.,0
719,if you simply want a small flip phone -- look elsewhere as the extra bells & whistles are mediocre.,0
177,"I put the latest OS on it (v1.15g), and it now likes to slow to a crawl and lock up every once in a while.",0
940,A lot of websites have been rating this a very good phone and so do I.,1
328,AMAZON SUCKS.,0
941,I have tried these cables with my computer and my iPod and it works just fine.,1
632,I did not have any problem with this item and would order it again if needed.,1
272,Unreliable - I'm giving up.,0
589,I got the car charger and not even after a week the charger was broken...I went to plug it in and it started smoking.,0
999,"You can not answer calls with the unit, never worked once!	",0
48,This case seems well made.,1
127,it did not work in my cell phone plug i am very up set with the charger!.,0
887,Best headset ever!!!.,1
803,"If there is a wind, it is completely useless.",0
74,This is a beautiful phone.,1
62,These headphones were a great find - and I think they are perhaps the best purchase I've made in the last several years - seriously.,1
262,Works great.,1
383,After trying many many handsfree gadgets this is the one that finally works well.,1
527,The noise shield is incrediable.,1
463,Disappointed!.,0
859,"Terrible product, and waste of money!",0
922,Happy so far!.,1
997,Item Does Not Match Picture.,0
292,Excellent Phone.,1
811,#1 It Works - #2 It is Comfortable.,1
260,Good product - incredible value.,1
847,Very unreliable service from T-mobile !,0
785,This allows the possibility of double booking for the same date and time after the first.,0
45,It has all the features I want,1
678,"It works fine on my Motorola 325 cellphone, and a lot better than the worn-out battery did.",1
745,Fantastic buy and will get again for whatever my next phone is,1
109,I purcashed this for the car charger and it does not work.,0
234,Really pleased with this product so far.,1
751,disappointing.,0
798,$50 Down the drain.,0
558,Virgin Wireless rocks and so does this cheap little phone!,1
145,I got this phone on reccomendation from a relative and I'm glad I did.,1
63,Buy a different phone - but not this.,0
917,Leopard Print is wonderfully wild!.,1
126,Basically the service was very bad.,0
226,I usually don't like headbands but this one is very lightweight & doesn't mess up my hair.,1
987,Phone falls out easily.,0
455,Not good when wearing a hat or sunglasses.,0
807,The reception through this headset is excellent.,1
796,"Five star Plus, plus.",1
380,Great Hands Free Device.,1
492,"I would definitely recommend the Jabra BT250v for those who are looking for comfort, clarity and a great price!",1
813,The Jabra EarGels fit my ears very well.,1
503,I would have given no star if I was able.,0
792,Great Phone.,1
191,Any ring tone..Overall good phone to buy..,1
507,The holster that arrived did not match the photo in the ad.,0
443,Restored my phone to like new performance.,1
959,"However, the keypads are so tinny that I sometimes reach the wrong buttons.",0
32,It is unusable in a moving car at freeway speed.,0
725,I have always used corded headsets and the freedom from the wireless is very helpful.,1
302,Someone shouldve invented this sooner.,1
834,"However, the ear pads come off easily and after only one week I lost one.",0
14,"The design is very odd, as the ear ""clip"" is not very comfortable at all.",0
51,good protection and does not make phone too bulky.,1
365,awesome device.,1
691,Clear crisp sound.,1
125,Great audio!.,1
531,They refuse to refund or replace.,0
530,Keep up the good work Amazon!!,1
348,This little device has transformed my organizational capability and made my life a whole lot easier.,1
367,"I had ordered a motorola data cable, got a very well finished and working product.",1
194,Not impressed.,0
76,Do Not Buy for D807...wrongly advertised for D807.,0
52,A usable keyboard actually turns a PDA into a real-world useful machine instead of just a neat gadget.,1
277,Very good phone.,1
750,"It is light, has plenty of battery capacity, and is very confortable to wear for somewhat extended periods of time.",1
898,Everything about this product is wrong.First,0
240,Big Disappointment with calendar sync.,0
904,Problem is that the ear loops are made of weak material and break easily.,0
456,Timely shipment and quality product.,1
872,I was very pleased to see that I could replace my well travled swivel holster for my Blackberry flip.,1
111,This phone is slim and light and the display is beautiful.,1
565,Disapointing Results.,0
265,Battery life is real good.,1
676,"Bluetooth does not work, phone locks up, screens just flash up and now it just makes calls randomly while in my pocket locked.",0
777,WORTHWHILE.,1
319,I love this device.,1
416,An Awesome New Look For Fall 2000!.,1
786,They work about 2 weeks then break.,0
437,Awsome Device Works Great!!.,1
597,A pretty good product.,1
180,Don't buy this product.,0
885,"When it opens, the battery connection is broken and the device is turned off.",0
412,Jawbone Era is awesome too!,1
88,Product was excellent and works better than the verizon one and Boy was it cheaper!,1
21,I bought this to use with my Kindle Fire and absolutely loved it!,1
957,Love it.. Great armband.,1
46,Who in their right mind is gonna buy this battery?.,0
961,I was very impressed with the price of the cases.,1
552,Its a total package.,1
488,"Then I exchanged for the same phone, even that had the same problem.",0
85,The headsets are easy to use and everyone loves them.,1
674,Then I had to continue pairing it periodically since it somehow kept dropping.,0
497,Save your money.... I've had this item for 11 months now.,0
892,Excellent product for the price.,1
611,clipping this to your belt will deffinitely make you feel like 50 cent's up-and-coming.,1
444,"I would recommend purchasing the Jabra JX-10 series 2 which works flawlessly with my Moto Q, go figure.",1
969,I'm trying to return it for a refund.,0
286,I wouldn't recommend buying this product.,0
472,Disappointment.. I hate anything that goes in my ear.,0
81,Not a good bargain.,0
18,Works great!.,1
673,"It is well made, easy to access the phone and has a handy, detachable belt clip.",1
133,!I definitly recommend!!,1
320,I am also very happy with the price.,1
780,I am sorry I made this purchase.,0
484,I love this phone!.,1
569,It's A PIECE OF CRAP!,0
335,1. long lasting battery (you don't have to recharge it as frequentyly as some of the flip phones)2.,0
571,This fixes all the problems.,1
707,This is cool because most cases are just open there allowing the screen to get all scratched up.,1
318,I want my money back.,0
122,Iam very pleased with my purchase.,1
686,The instructions didn't explain that a microphone jack could be used.,0
928,Makes it easier to keep up with my bluetooth when I'm not wearing it.,0
882,The only good thing was that it fits comfortably on small ears.,1
526,"horrible, had to switch 3 times.",0
422,Oh and I forgot to also mention the weird color effect it has on your phone.,0
42,Nice headset priced right.,1
209,We are sending it back.,0
395,Better than you'd expect.,1
644,"I contacted the company and they told me that, although the unit was still under warranty, if I couldn't produce my receipt I was out of luck.",0
931,This pair of headphones is the worst that I have ever had sound-wise.,0
354,Excellent starter wireless headset.,0
291,Don't buy it.,0
866,It's been my choice headset for years.Great sound.  good volume.  good noise cancellation.,1
139,Voice recognition is tremendous!,1
844,It's not what it says it is.,0
650,Battery is terrible.,0
748,Does not fit.,0
512,The sound is clear and the people I talk to on it are amazed at the quality too.,1
738,The design is very good.4.,1
141,"During several different 2 minute calls, I experienced 5 drops and it was in an area that had 5 bars.",0
988,"It didn't work, people can not hear me when I talk.",0
11,He was very impressed when going from the original battery to the extended battery.,1
104,I received my supposedly new motorola 375 and apparently there was not a match between the phone and the charger.,0
998,The only thing that disappoint me is the infra red port (irda).,0
588,"I only used it two days, and it wasn't always easy to hear with.",0
276,I wasted my little money with this earpiece.,0
430,Fantastic earphones.,1
547,Trying to make a call on these is an exercise in frustration.,0
179,"If you like a loud buzzing to override all your conversations, then this phone is for you!",0
592,THey are so cool!,1
425,"Overall, I am psyched to have a phone which has all my appointments and contacts in and gets great reception.",1
708,I bought this phone as a replacement for my StarTac and have regretted it since.,0
910,"Good show, Samsung.",1
407,Works great.,1
841,the only VERY DISAPPOINTING thing was there was NO SPEAKERPHONE!!!!,0
280,"Good product, good seller.",1
263,Absolutel junk.,0
266,Returned 8 hours later.,0
924,Works good.,1
768,Great product.,1
587,Also difficult to put on.I'd recommend avoiding this product.,0
925,Motorola finally got the voice quality of a bluetooth headset right.,1
534,Great case and price!,1
71,"Even in my BMW 3 series which is fairly quiet, I have trouble hearing what the other person is saying.",0
436,I wish I could return the unit and get back my money.,0
560,"Muddy, low quality sound, and the casing around the wire's insert was poorly super glued and slid off.",0
688,Too bad you have to pay up to $$$ a month for the service!,0
474,The delivery was on time.,1
769,Crisp and Clear.,1
258,Excellent hands free tool.,1
831,All three broke within two months of use.,0
84,"This item worked great, but it broke after 6 months of use.",0
919,"Saggy, floppy piece of junk.",0
359,"The microphone also works well, but (according to people I have called) it applifies everything.",1
654,"The charger arrived within the promised timeframe, but it did not work.",0
92,Worked great!.,1
525,REALLY UGLY.,0
845,Stay Away From the Q!.,0
373,The worst phone I've ever had.... Only had it for a few months.,0
903,I love being able to use one headset for both by land-line and cell.,1
977,":-)Oh, the charger seems to work fine.",1
776,I highly recommend this case.,1
374,Not a good item.. It worked for a while then started having problems in my auto reverse tape player.,0
596,Piece of trash.,0
815,I checked everywhere and there is no feature for it which is really disappointing.,0
946,I have had mine for about a year and this Christmas I bought some for the rest of the family.,1
843,"Product is useless, since it does not have enough charging current to charge the 2 cellphones I was planning to use it with.",0
239,Do not make the same mistake as me.,0
715,The phone crashed completely and now I have to get it replaced.,0
264,THAT one didn't work either.,0
299,Battery life still not long enough in Motorola Razor V3i.,0
846,Used and dirty.,0
855,Just does not work.,0
563,"If you are looking for a good quality Motorola Headset keep looking, this isn't it.",0
86,This phone works great.,1
123,Bad Quality.,0
275,Reversible plug works great.,1
862,So far it has worked like a charm.,1
814,Battery has no life.,0
368,Love This Phone.,1
906,"But despite these few flaws, this case is of exceptional quality and well worth the additional costs of owning an official OEM product.",1
460,BT50 battery junk!.,0
992,Lasted one day and then blew up.,0
389,The company shipped my product very promptly and it works well.,1
942,"The mic there is a joke, and the volume is quite low.",0
290,Great Phone.,1
281,I love this bluetooth!,1
324,"I have 2-3 bars on my cell phone when I am home, but you cant not hear anything.",0
219,I'm still infatuated with this phone.,1
915,So I had to take the battery out of the phone put it all back together and then restart it.,0
515,Mobile Phone Tools are a must have.,1
13,Very good quality though,1
433,I highly recommend this modest priced cellular phone.,1
300,Sending it back.,0
581,"Verizon tech support walked my through a few procedures, none of which worked and I ended up having to do a hard re-set, wiping out all my data.",0
594,Better Than New.,1
603,I am more than happy with this product.,1
151,"Audio Quality is poor, very poor.",0
619,Worked very well paired with a Treo 700w and as a Skype headset on my PC (using a USB Bluetooth transceiver).,1
271,Worked perfectly!,1
974,This phone tries very hard to do everything but fails at it's very ability to be a phone.,0
451,Portable and it works.,1
765,in addition it feels and  looks as if the phone is all lightweight cheap plastic.,0
481,"Verizon's bills, however, are difficult to understand even though their pricing plans are simple.",0
726,"This case has passed the one year mark and while it shows signs of wear, it is 100% functional.",1
816,Product is exactly as described.,1
995,The screen does get smudged easily because it touches your ear and face.,0
598,This is a great phone!.,1
197,Bad Choice.,0
781,I bought these hoping I could make my Bluetooth headset fit better but these things made it impossible to wear.,0
695,Do NOT buy if you want to use the holster.,0
723,Think it over when you plan to own this one!This sure is the last MOTO phone for me!,0
156,"Nice quality build, unlike some cheap s*** out there.",1
697,It doesn't make you look cool.,0
284,I got it because it was so small and adorable.,1
950,It is a joy to use.,1
189,"But when I check voice mail at night, the keypad backlight turns off a few seconds into the first message, and then I'm lost.",0
176,"I connected my wife's bluetooth,(Motorola HS850) to my phone and it worked like a charm whether the phone was in my pocket or the case.",1
124,Gets the job done.,1
749,.... Item arrived quickly and works great with my Metro PCS Samsung SCH-r450 slider phone and Sony Premium Sound in ear plugs.,1
933,Does not charge the Cingular (ATT) 8525 phone.,0
36,It has kept up very well.,1
554,I give Wirefly 1 star.I will contact Cingular/AT&T;  and inform them of this practice,0
390,Exactly what I wanted.,1
148,Items stated as included from the description ARE NOT INCLUDED.,0
317,This is definitely a must have if your state does not allow cell phone usage while driving.,1
721,My phone doesn't slide around my car now and the grip prevents my phone from slipping out of my hand.,1
329,Rip off---- Over charge shipping.,0
820,Plan on ordering from them again and again.,1
655,"No ear loop needed, it's tiny and the sound is great.",1
685,Easy to pair with my Samsung Cell.,1
408,Plantronics Bluetooth Excelent Buy.,1
232,Don't waste your $$$ on this one.,0
376,Protects the phone on all sides.,1
100,Integrated seamlessly with the Motorola RAZR phone.,1
850,It looks very nice.,1
662,I love the look and feel of Samsung flipphones.,1
720,"Good value, works fine - power via USB, car, or wall outlet.",1
172,How can that be?The audio quality is poor.,0
483,You won't regret it!,1
784,I don't think it would hold it too securly on your belt.,0
830,Unfortunately it did not work.,0
742,It dit not work most of the time with my Nokia 5320.,0
982,don't waste your money.,0
198,The pleather case doesn't fit.,0
794,"The internet access was fine, it the rare instance that it worked.",0
703,lightweight and works well.,1
568,Great Product.,1
604,Poor Construction.,0
381,"you can even take self portraits with the outside (exterior) display, very cool.",1
353,Their network coverage in Los Angeles is horrible.,0
665,I could not recommend these more.,0
737,"The tracfonewebsite is user friendly and makes it easy toactivate, etc.",1
540,I am glad I purchased it.,1
118,It has been a winner for us.,1
23,I have yet to run this new battery below two bars and that's three days without charging.,1
519,I am not impressed with this and i would not recommend this item to anyone.,0
965,I cannot make calls at certain places.,0
19,It clicks into place in a way that makes you wonder how long that mechanism would last.,0
857,(It works!),1
819,I would recommend it.,1
249,"It is very comfortable to wear as well, which is probably the most important aspect about using a case.",1
254,This product had a strong rubber/petroleum smell that was unbearable after a while and caused me to return it,0
170,EXCELLENT SERVICE!!!!!!!!.,1
764,wont work right or atleast for me.,0
658,Talk about USELESS customer service.,0
696,The phone can also take great pictures and even video clips.,1
502,Defective crap.,0
747,This BlueAnt Supertooth hands-free phone speaker is AWESOME.,1
115,The keyboard is a nice compromise between a full QWERTY and the basic cell phone number keypad.,1
916,"While I managed to bend the leaf spring back in place, the metal now has enough stress that it will break on the next drop.",0
305,I received it quickly and it works great!!,1
89,The phone loads super!,1
27,I didn't think that the instructions provided were helpful to me.,0
836,"Horrible, horrible protector.",0
162,This is essentially a communications tool that does not communicate.,0
410,I'll be looking for a new earpiece.,0
635,im surprised this is a good quality car charger and there's not much reviews about it.,1
744,"If you like a loud buzzing to override all your conversations, then this phone is for you!",0
548,The case is a flimsy piece of plastic and has no front or side protection whatsoever.,0
645,Linksys should have some way to exchange a bad phone for a refurb unit or something!,0
646,Phone is sturdy as all nokia bar phones are.,1
561,Please dont waste your money.,0
313,Phone now holds charge like it did when it was new.,1
551,Thank you for such great service.,1
99,I'm very disappointed with my decision.,0
620,"Steer clear of this product and go with the genuine Palm replacementr pens, which come in a three-pack.",0
640,"Performed awful -- muffled, tinny incoming sound and severe echo for those on the other end of the call.",0
537,"Small, sleek, impressive looking, practical setup with ample storage in place.",1
336,Obviously there is a problem with the adhesive.,0
510,This frog phone charm is adorable and very eye catching.,1
724,"In the span of an hour, I had two people exclaim ""Whoa - is that the new phone on TV?!?",1
863,"I have only had it for a few weeks, but so far, so good.",1
994,Kind of flops around.,0
773,The reception has been generally good.,1
98,Best I've found so far .... I've tried 2 other bluetooths and this one has the best quality (for both me and the listener) as well as ease of using.,1
763,This particular model would not work with my Motorola Q smartphone.,0
224,There's a horrible tick sound in the background on all my calls that I have never experienced before.,0
990,I'm really disappointed all I have now is a charger that doesn't work.,0
690,The nokia CA-42 USB cable did not work with my phone.,0
633,You get what you pay for I guess.,0
518,The phone is sturdy and waterproof.,1
67,It feels more comfortable than most headsets because I wear glasses and that gets in the way sometimes.,1
717,"Unfortunately it will not recharge my iPhone 4s, despite connecting it from multiple power sources (iMac, external battery, wall outlet, etc).",0
449,There's really nothing bad I can say about this headset.,0
912,It always cuts out and makes a beep beep beep sound then says signal failed.,0
574,"I've had no trouble accessing the Internet, downloading ringtones or performing any of the functions.",1
245,Worth every penny.,1
29,Doesn't hold charge.,0
491,"It is super charged up for use as a small hybrid palmtop/camera/cellphone, and excels in those roles.",1
418,"Att is not clear, sound is very distorted and you have to yell when you talk.",0
543,Don't buy this product.,0
864,"But, in any case, the best part is, you can download these pictures to your laptop using IR, or even send pictures from your laptop to the phone.",1
520,My only complaint is the standard sound volume is a little low even when turned up to 5(of 5),0
967,Beautiful styling though.,1
493,I had Verizon 2 years ago and really liked their service.,1
205,"great headset, very impressed - H500.",1
577,That company is a joke.,0
344,Worst customer service.,0
621,DO NOT BUY DO NOT BUYIT SUCKS,0
927,"but it is great, i would really recommend it",1
934,"You get extra minutes so that you can carry out the call and not get cut off.""",1
255,poor quality and service.,0
405,I especially love the long battery life.,1
471,The update procedure is difficult and cumbersome.,0
706,So anyone near you will hear part of your conversation.,0
184,I recently had problems where I could not stay connected for more than 10 minutes before being disconnected.,0
250,"It's fits like a glove and is strong, secure, and durable.",1
896,Great phone.,1
973,Lousy product.,0
447,Very happy with this product.,1
235,One of my favorite purchases ever.,1
913,Couldn't figure it out,0
741,"Couldn't use the unit with sunglasses, not good in Texas!",0
469,"Looks great and is strong.""",1
679,The volume for the ringer is REAL good (you have choices how loud).,1
375,This is so embarassing and also my ears hurt if I try to push the ear plug into my ear.,0
321,I ordered this product first and was unhappy with it immediately.,0
54,I love this thing!,1
388,It worked very well.,1
114,Absolutely great.,1
231,What a big waste of time.,0
97,I found this product to be waaay too big.,0
464,poor voice clarity.,0
331,The battery is working well as a replacement for the original that came with the phone over 2 years ago.,1
535,All it took was one drop from about 6 inches above the kitchen counter and it was cracked.I am not impressed and I am not laughing.,0
505,"The sound quality for the device is unacceptable.Unless you are in a really quiet area, you almost hear nothing.",0
670,its extremely slow and takes forever to do anything with it.,0
801,For the price this was a great deal.,1
684,Chinese Forgeries Abound!.,0
809,"I have a Verizon LG phone and they work well together, good reception and range that exceeds 20 feet line of sight.",1
9,What a waste of money and time!.,0
297,This one works and was priced right.,1
1,"Good case, Excellent value.",1
771,"VERY cheap plastic, creaks like an old wooden floor.",0
357,"First off the reception sucks, I have never had more than 2 bars, ever.",0
793,I bought this battery with a coupon from Amazon and I'm very happy with my purchase.,1
7,If you are Razr owner...you must have this!,1
182,The sound quality is good and functionality is awesome.,1
498,Bad Purchase.,0
879,"It seems completely secure, both holding on to my belt, and keeping the iPhone inside.",1
363,"bad fit, way too big.",0
868,The item received was Counterfeit.,0
889,It was that loud.Glad to say that the Plantronics 510 maintains a flawless connection to my cell and with no static during normal use.,1
57,I even dropped this phone into a stream and it was submerged for 15 seconds and it still works great!,1
522,I ended up sliding it on the edge of my pants or back pockets instead.,1
279,Comfort for our whole family.,1
355,"The loudspeaker option is great, the bumpers with the lights is very ... appealing.",0
326,"However-the riingtones are not the best, and neither are the games.",0
754,The camera on the phone may be used as a dustpan when indoors... I'd rather be using a disposable then this.,0
128,"I've only had my bluetooth for a few weeks, but I really like it.",1
12,If the two were seperated by a mere 5+ ft I started to notice excessive static and garbled sound from the headset.,0
467,Very disappointed in AccessoryOne.,0
333,"It fits comfortably in either ear, the sound is clear and loud, and the charge lasts a couple of days.",1
797,A good quality bargain.. I bought this after I bought a cheapy from Big Lots that sounded awful and people on the other end couldn't hear me.,1
307,"As many people complained, I found this headset's microphone was very weak.",0
818,Doesn't do the job.,0
199,"useless phone, simply deaf.",0
873,My sister has one also and she loves it.,1
638,I used bitpim (a free program you can find on the internet)to transfer data to the phone.The price of the cable was excellent.,1
457,Nice solid keyboard.,1
248,Internet is excrutiatingly slow.,0
894,This product is very High quality Chinese CRAP!!!!!!,0
301,Now I know that I made a wise decision.,1
66,"A week later after I activated it, it suddenly died.",0
238,I was very excited to get this headset because I thought it was really cute.,1
573,I am very happy,1
322,The Ngage is still lacking in earbuds.,0
553,"The seller is very understanding and patient, I would definitely buy from them again.",1
544,"sucked, most of the stuff does not work with my phone.",0
273,I gave it 5 stars because of the sound quality.,1
69,This device is great in several situations:1.),1
334,"very clear, quality sound and you don't have to mess with the sound on your iPod since you have the sound buttons on the headset.",1
166,Doesn't work at all.. I bougth it for my L7c and its not working.,0
252,It's very attractive and appears to be of good quality.,1
714,Not worth it.,0
736,Krussel Always good.,1
810,Improper description.... I had to return it.,0
212,Great price also!,1
778,This is a great deal.,1
943,I'm returning them.,0
79,I purchased this and within 2 days it was no longer working!!!!!!!!!,0
758,The sound quality is excellent as well.,1
687,i would advise to not purchase this item it never worked very well.,0
347,Good audio quality.,1
178,It only recognizes the Phone as its storage device.,0
575,"I can barely ever hear on it and am constantly saying ""what?""",0
218,WORST PHONE EVER.,0
435,Warning - Stay away.,0
40,"It has a great camera thats 2MP, and the pics are nice and clear with great picture quality.",1
759,Its the best headset I have used.,1
237,Authentic leather with nice shine and comfort .I recommend you this case !!,1
733,Arrived quickly and much less expensive than others being sold.,1
839,I have bought this Nokia cell phone a few weeks ago and it was a nightmare.,0
623,"Plus, I seriously do not believe it is worth its steep price point.",0
311,The instruction manual is lacking.,0
939,"I like the fact that it rests lightly against your ear, rather than inside.",1
578,It does everything the description said it would.,1
496,Works as described.,1
852,I have read other's reviews here but I haven't had any problem with it.,1
627,This phone might well be the worst I've ever had in any brand.,0
351,Works like a charm.. Works as advertised.,1
617,However I needed some better instructions.,0
259,Great for using with your home stereo.,1
582,"Voice Quality, Signal Strength, Dropped Calls.",0
387,The best phone in market :).,1
143,very disappointed.,0
308,My 5-year old Nokia 2160 from Tracfone holds the charge a lot better than this.,0
228,"I have had this phone for over a year now, and I will tell you, its not that great.",0
980,Echo Problem....Very unsatisfactory,0
414,After a year the battery went completely dead on my headset.,0
485,A Disappointment.,0
858,"If I take a picture, the battery drops a bar, and starts beeping, letting me know its dieing.",0
595,"What possesed me to get this junk, I have no idea...",0
202,It makes very strange ticking noises before it ends the call.,0
285,Great phone!.,1
876,Excellent dual-purpose headset.,1
221,It's kind of embarrassing to use because of how it looks and mostly it's embarrassing how child-like the company is.,0
557,"I have purchased these for both family and friends, and all enjoy their clarity and ease of use",1
639,Disappointing accessory from a good manufacturer.,0
110,"Sound quality on both end is excellent, I use headset to call my wife and ask my wife to use headset to call me !2.",1
599,"For the price on Amazon, it is an excellent product, which I would highly recommend.",1
323,I was able to do voice dialing in the car with no problem.,1
762,Just what I wanted.,1
171,Thank you for wasting my money.,0
120,I've tried several different earpieces for my cell phone and this Jabra one is the first one I've found that fits my ear comfortably.,1
135,The majority of the Logitech earbud headsets failed.,0
722,This is simply the BEST bluetooth headset for sound quality!,1
253,I love all the features and form factor.,1
261,Only had this a month but it's worked flawlessly so far.,1
421,Don't make the same mistake I did.,0
34,Car charger as well as AC charger are included to make sure you never run out of juice.Highy recommended,1
731,None of the three sizes they sent with the headset would stay in my ears.,0
204,Battery lasts only a few hours.,0
856,Poor Reliability.,0
17,So Far So Good!.,1
160,"All I can do is whine on the Internet, so here it goes.The more I use the thing the less I like it.",0
636,These are fabulous!,1
926,It looses connection to the phone even when it is within a couple feet between the two.,0
550,"I love the camera, it's really pretty good quality.",1
461,We would recommend these to others.,1
718,It was a great phone.,1
294,The voice recognition thru the handset is excellent.,1
648,"When I placed my treo into the case, not only was it NOT snug, but there was A LOT of extra room on the sides.",0
282,"First of all, it doesn't wear well.",0
167,"The look of it is very sharp and the screen is nice and clear, with great graphics.",1
56,VERY DISAPPOINTED.,0
739,I great reception all the time.,1
158,And I just love the colors!,1
487,Unfortunately the ability to actually know you are receiving a call is a rather important feature and this phone is pitiful in that respect.,0
164,"I still maintain that monkeys shouldn't make headphones, we just obviously don't share enough DNA to copy the design over to humans.",0
303,Good price.,1
908,"I can hear while I'm driving in the car, and usually don't even have to put it on it's loudest setting.",1
971,Excellent product.,1
394,I highly recommend these and encourage people to give them a try.,1
462,Cant get the software to work with my computer.,0
352,"Comfortable, Nice Range, Good Battery Life.",1
905,Not nearly as good looking as the AMAZON picture makes it look.,0
338,"It was an inexpensive piece, but I would still have expected better quality.",0
10,And the sound quality is great.,1
516,I am very impressed with the job that Motorola did on the sturdiness of this phone.,1
309,They do not care about the consumer one bit.,0
409,I came over from Verizon because cingulair has nicer cell phones.... the first thing I noticed was the really bad service.,0
330,VERY comfortable.,1
478,"It holds a charge for a long time, is reasonably comfortable under long-wearing conditions and the quality of sound is tremendous.",1
105,"Pros:-Good camera - very nice pictures , also has cool styles like black and white, and more.",1
413,We received a WHITE colored battery that goes DEAD after a couple hoursTHe original used to last a week - but still lasts longer than thereplacement,0
489,This results in the phone being either stuck at max volume or mute.,0
269,Love this headset!,1
8,"Needless to say, I wasted my money.",0
911,So I bought about 10 of these and saved alot of money.,1
31,This product is ideal for people like me whose ears are very sensitive.,1
952,Very satisifed with that.,1
895,It was quite comfortable in the ear.,1
400,what a disappointment,0
506,I would not recommend this item to anyone.,0
779,"After my phone got to be about a year old, it's been slowly breaking despite much care on my part.",0
566,Cumbersome design.,0
848,Not good enough for the price.,0
207,I've had this for nearly 2 years and it has worked great for me.,1
458,Very well made and fits my Surefire GX2 perfectly.,1
206,"The ""1.2"" mega pixel camera, being a part of a phone, is reasonably good7.",1
20,"I went on Motorola's website and followed all directions, but could not get it to pair again.",0
314,The battery is unreliable as well as the service use antena.,0
827,Good case!.,1
993,disappointed.,0
30,"This is a simple little phone to use, but the breakage is unacceptible.",0
542,"Perhaps my phone is defective, but people cannot hear me when I use this.",0
370,"I'll be drivng along, and my headset starts ringing for no reason.",0
190,The replacement died in a few weeks.,0
147,Its reception is very very poor.,0
208,Good transmit audio.,1
5,I have to jiggle the plug to get it to line up right to get decent volume.,0
583,"It plays louder than any other speaker of this size;  the price is so low that most would think the quality is lacking, however, it's not.",1
584,Better than expected.,1
651,I found the product to be easy to set up and use.,1
694,The design might be ergonomic in theory but I could not stand having these in my ear.,0
938,Logitech Bluetooth Headset is a 10!.,1
567,"Great it was new packaged nice works good, no problems and it came in less time then I expected!!!!",1
445,"I searched the Internet, and found this one to be the best value.",1
225,These are certainly very comfortable and functionality is decent.,1
631,"I posted more detailed comments under the grey or black phone, but i have the Fire Red and it's a great color!",1
465,The battery works great!,1
201,All in all I think it was a good investment.,1
411,I highly recommend this device to everyone!,1
945,It is easy to turn on and off when you are in the car and the volume controls are quite accessable.,1
50,Not loud enough and doesn't turn on like it should.,0
753,Cheap but hey it works.. Was pleasantly suprised given the low cost of this item.,1
327,The plug did not work very well.,0
838,"Reaching for the bottom row is uncomfortable, and the send and end keys are not where I expect them to be.3.",0
3,Tied to charger for conversations lasting more than 45 minutes.MAJOR PROBLEMS!!,0
564,Yet Plantronincs continues to use the same flawed charger design.,0
545,"No shifting, no bubbling, no peeling, not even a scratch, NOTHING!I couldn't be more happier with my new one for the Droid.",1
396,"Using all earpieces, left or right, this thing will not stay on my ear.",0
448,"The screen size is big, key pad lit well enough, and the camera quality is excellent for a camera phone.",1
332,The reception is excellent!,1
500,"The bose noise cancelling is amazing, which is very important for a NYC commuter.",1
482,"After charging overnight, these batteries work great.",1
900,"This was utterly confusing at first, which caused me to lose a couple of very, very important contacts.",0
113,"Great product, fast shipping!.",1
401,Very prompt service.,1
734,We have tried 2 units and they both failed within 2 months.. Pros,0
215,I would highly recommend this.,1
490,This PDA rocks.,1
195,"Light weight, I hardly notice it is there.",1
61,"I really recommend this faceplates since it looks very nice, elegant and cool.",1
427,"Another note about this phone's appearance is that it really looks rather bland, especially in the all black model.",0
73,Nice docking station for home or work.,1
155,This phone is very fast with sending any kind of messages and web browsing is significantly faster than previous phones i have used.,1
920,much better than the hard plastic cases.,1
746,"stay away from this store, be careful.",0
951,Very much disappointed with this company.,0
257,Great Earpiece.,1
243,"No additional ear gels provided, and no instructions whatsoever.",0
369,I was looking for this headset for a long time and now that I've got it I couldn't be happier.,1
710,Can't store anything but phone numbers to SIM.,0
509,"As an earlier review noted, plug in this charger and nothing happens.",0
129,The BT headset was such a disapoinment.,0
134,Buyer--Be Very Careful!!!!!.,0
159,W810i is just SUPERB.,1
43,I only hear garbage for audio.,0
420,Price is good too.,1
242,Worst Customer Service Ever.,0
431,It finds my cell phone right away when I enter the car.,1
986,You also cannot take pictures with it in the case because the lense is covered.,0
923,cool phone.,1
683,I love the ringtones because they are so upbeat!,1
169,One thing I hate is the mode set button at the side.,0
727,"Other than that, the leather is nice and soft;   the fit is very tight;  the cut out for the face is a good shape.",1
886,"I didn't want the clip going over the top of my ear, causing discomfort.",0
479,I'd like to return it.,0
914,"My phone sounded OK ( not great - OK), but my wife's phone was almost totally unintelligible, she couldn't understand a word being said on it.",0
241,the phone was unusable and was not new.,0
869,"Just really good.. So far, probably the best BT headset I have ever had.",1
884,"I am pairing this with my iphone, and I could not be happier with it so far.",1
921,It also had a new problem.,0
622,This is a great product..... sure beats using your fingers!.,1
287,Piece of Junk.,0
415,"I have used several phone in two years, but this one is the best.",1
871,I received my headset in good time and was happy with it.,1
712,Poor quality.,0
562,"All in all, I'm quite satisfied with this purchase.",1
628,Case was more or less an extra that I originally put on but later discarded because it scratched my ear.,0
371,Display is excellent and camera is as good as any from that year.,1
613,I was amazed at the quick arrival of the two original lg cell phone batteries and and at a fraction of the price.,1
345,"I've dropped my phone more times than I can say, even on concrete and my phone is still great (knock on wood!).",1
664,Does everything it should and more.,1
403,Very pleased with this headset.,1
772,"I get absolutely horrible reception in my apartment, where with other phones I have not had this problem.",0
6,"If you have several dozen or several hundred contacts, then imagine the fun of sending each of them one by one.",0
593,Easy to use.,1
210,I did not bother contacting the company for few dollar product but I learned the lesson that I should not have bought this form online anyway.,0
607,Sprint charges for this service.,0
817,Gets a signal when other Verizon phones won't.,1
976,SWEETEST PHONE!!!,1
824,Awkward to use and unreliable.,0
555,It's AGGRAVATING!,0
83,The battery runs down quickly.,0
15,Highly recommend for any one who has a blue tooth phone.,1
828,Doesn't Work.,0
880,"The bottowm line...another worthless, cheap gimmick from Sprint.",0
216,I would recommend this.,1
954,This is the phone to get for 2005.... I just bought my S710a and all I can say is WOW!,1
211,"If you hate earbugs, avoid this phone by all means.",0
402,Excellent product for the price.,1
709,Appears to actually outperform the original battery from China that came with my V325i.,1
173,The iGo chargers and tips are really great.,1
386,Poor sound quality.,0
102,Definitely a bargain.,1
70,Mic Doesn't work.,0
146,What a waste of time!,0
822,I have been very satisfied with this cell phone from day one.,1
657,"The handsfree part works fine, but then the car tries to download the address book, and the Treo reboots.Overall, I still rate this device high.",1
217,"I also didn't like the ""on"" button, it felt like it would crack with use.",0
713,"jabra ear gels ""R"" the best!.",1
452,"My colleague & I now get great reception.A little expensive, but performance is great.",1
28,People couldnt hear me talk and I had to pull out the earphone and talk on the phone.,0
441,"I might have gotten a defect, but I would not risk buying it again because of the built quality alone.",0
659,"It felt too light and ""tinny."".",0
117,It is very comfortable on the ear.,1
853,These products cover up the important light sensor above the ear outlet.,0
812,Battery charge-life is quite long.,1
660,This does not fit the Palm Tungsten E2 and it broke the first time I tried to plug it in.,0
230,The battery is completely useless to me.,0
955,Buttons are too small.,0
991,Painful on the ear.,0
842,Terrible.. My car will not accept this cassette.,0
108,"The camera, although rated at an impressive 1.3 megapixels, renders images that fall well below expectations of such a relatively high resolution.",0
757,The nano stated it.My son was dissapointed.,0
953,It didn't charge for me.,0
246,Excellent wallet type phone case.,1
312,Also its slim enough to fit into my alarm clock docking station without removing the case.,1
833,"My father has the V265, and the battery is dying.",0
165,Great Value.,1
142,I was not happy with this item.,0
625,Very Dissapointing Performance.,0
60,Essentially you can forget Microsoft's tech support.,0
364,It definitely was not as good as my S11.,1
256,"The cable looks so thin and flimsy, it is scary.",0
570,"My experience was terrible..... This was my fourth bluetooth headset, and while it was much more comfortable than my last Jabra (which I HATED!!!",0
501,This battery is an excellent bargain!,1
614,the worst phone from samsung...crap..... this crappy Samsung E715.. is the worst i have ever seeen.,0
343,New Battery works great in phone.,1
799,I tried talking real loud but shouting on the telephone gets old and I was still told it wasn't great.,0
